{"cameraMode":{"drawMode":0,"name":"Shaded","section":"Shading Mode"},"sceneLighting":false,"audioPlay":false,"sceneViewState":{"m_AlwaysRefresh":false,"showFog":true,"showSkybox":false,"showFlares":true,"showImageEffects":true,"showParticleSystems":true,"showVisualEffectGraphs":true,"m_FxEnabled":true},"in2DMode":false,"pivot":{"x":0.7050000429153442,"y":3.6649999618530275,"z":41.275001525878909},"rotation":{"x":-0.16070081293582917,"y":0.36626431345939639,"z":-0.06440988928079605,"w":-0.9143115282058716},"size":6.8042988777160648,"orthographic":false}